start,end,chr,strand,pubmed,cellline,condition,sequence,symbol,ensg,log2fc,rc_initial,rc_final,effect,cas,screentype

50836122,50836145,10,+,24336569,HL60,viability,ACTCCACGAAGGCAAAGCCTCGG,A1CF,ENSG00000148584,0.7851738036388676,[486],[1775],6,hSpCas9,negative selection
50836255,50836278,10,-,24336569,HL60,viability,ACAACTGCCGATTATTTGTTGGG,A1CF,ENSG00000148584,1.3166636201398647,[294],[1554],8,hSpCas9,negative selection

9115770,9115793,,-,24336571,A375,resistance to PLX after 7 days,CCCACAGACGCCTCAGTCTCTGG,A2M,ENSG00000175899,0.006452729185094652,"[24,26]","[20,30]",0,hSpCas9,positive selection
81124983,81125006,,+,24336571,A375,resistance to PLX after 7 days,CCGTGAGCAGGCAGTTCCGCAGG,AATK,ENSG00000181409,-0.05850327218753537,"[31,25]","[26,27]",-2,hSpCas9,positive selection

1020203,1020228,1,+,24717434,HeLa,essential genes for diphteria toxin toxicity,CGGCCGCTGCTGCCGCTCCTTGTGG,AGRN,ENSG00000188157,-0.022477875456330017,"[2340,2444,2870]","[0,0,0]",0,hSpCas9,positive selection
1020206,1020231,1,+,24717434,HeLa,essential genes for diphteria toxin toxicity,CCGCTGCTGCCGCTCCTTGTGGTGG,AGRN,ENSG00000188157,-0.37154872531161753,"[3779,2969,3062]","[0,0,0]",-3,hSpCas9,positive selection

48954920,48954943,19,+,27013184,SW480,treatment with recombinant TRAIL,GCGGCGGTGATGGACGGGTCCGG,BAX,ENSG00000087088,2.6141825250237503,"[770,806]","[2358,1683]",9,hSpCas9,positive selection
48956176,48956199,19,+,27013184,SW480,treatment with recombinant TRAIL,CTGGTTCTCCTCTCTCCTGCAGG,BAX,ENSG00000087088,-0.10611394482343506,"[110,213]","[52,77]",0,hSpCas9,positive selection

9116107,9116130,12,-,25494202,A375,resistance to PLX-4720 (puromycin),AAGTGAGCTCTTACGGGAATGGG,A2M,ENSG00000175899,0.6798286330777988,"[39,144]","[21,43]",3,dCas9-VP64,positive selection
9116085,9116108,12,-,25494202,A375,resistance to PLX-4720 (puromycin),GAATGTAGTTTTAGCCCTCCAGG,A2M,ENSG00000175899,-0.1388168007984647,"[1002,964]","[154,241]",0,dCas9-VP64,positive selection

50844073,50844096,10,+,26472758,Jiyoye,viability,GCAGCATCCCAACCAGGTGGAGG,A1CF,ENSG00000148584,0.31590732393855947,[260],[244],2,hSpCas9,negative selection
50814011,50814034,10,-,26472758,Jiyoye,viability,GCGGGAGTGAGAGGACTGGGCGG,A1CF,ENSG00000148584,2.1441409756720797,[17],[59],9,hSpCas9,negative selection

9942683,9942706,1,-,26627737,DLD1,viability,ACACTCGGAACGTCAAGAACTGG,LZIC,ENSG00000162441,2.147916741107692,[181],"[133,352,270]",9,hSpCas9,negative selection
99646350,99646373,1,-,26627737,DLD1,viability,GCAGACTTACTGTGATGGCCTGG,PALMD,ENSG00000099260,0.3516057608954717,[391],"[261,108,103]",3,hSpCas9,negative selection

50836139,50836162,10,-,26780180,HT29,viability (Avana library 4 designs),GCAGATAAAACCAAAAACCGAGG,A1CF,ENSG00000148584,1.48870200089549,[],[],6,hSpCas9,negative selection
50859916,50859939,10,-,26780180,HT29,viability (Avana library 4 designs),GGAATCAAATCACAAATCCGGGG,A1CF,ENSG00000148584,0.0741129909882892,[],[],0,hSpCas9,negative selection

155380776,155380799,X,+,27260156,A673,viability,CAACGCCCAGCATGCCGAGGAGG,H2AFB2,ENSG00000277858,-0.37980222378278894,[1221],"[1047,1027,1242,1184]",-7,hSpCas9,negative selection
154885383,154885406,X,-,27260156,A673,viability,GTCAGAAGCTAGTCCTCGCCAGG,H2AFB1,ENSG00000274183,0.06238374627260157,[1068],"[1543,1098,1327,1421]",1,hSpCas9,negative selection

52166923,52166946,8,+,27260157,DLD1,viability,TGTCCCGTGCCATCACATCCAGG,ST18,ENSG00000147488,-0.0226495903362586,[],[],0,hSpCas9,negative selection
103058292,103058315,13,+,27260157,DLD1,viability,CCCAGAGTCGACCCACATTTTGG,SLC10A2,ENSG00000125255,0.388528385397951,[],[],4,hSpCas9,negative selection

50836139,50836162,10,-,27453484,HT29,resistance to T3SS1-dependent cytotoxicity,GCAGATAAAACCAAAAACCGAGG,A1CF,ENSG00000148584,-0.17053533896334258,"[3,3]","[3,1]",-2,hSpCas9,positive selection
9095538,9095561,12,-,27453484,HT29,resistance to T3SS1-dependent cytotoxicity,GGATATGTACAGCTTCCTAGAGG,A2M,ENSG00000175899,0.2893958254811228,"[3,3]","[2,4]",6,hSpCas9,positive selection

50885580,50885603,10,-,27661255,K562,viability,GGGGATCTCTGAAATTACTCAGG,A1CF,ENSG00000148584,-0.17540307827879603,"[1113,1051]","[795,741]",-5,dCas9-KRAB,negative selection
9115810,9115833,12,+,27661255,K562,viability,GAAGAACCAGACTTGGATGAAGG,A2M,ENSG00000175899,0.01565611913089382,"[1047,1123]","[931,827]",0,dCas9-KRAB,negative selection

50828255,50828277,10,-,27760321,OCIAML3,viability,ACATGGTATTGCAGTAGACTGG,A1CF,ENSG00000148584,-0.30534159144313344,"[263,234]","[171,138]",-3,hSpCas9,negative selection
50844085,50844107,10,-,27760321,OCIAML3,viability,AATATGGTGGCCCTCCACCTGG,A1CF,ENSG00000148584,0.16502670135474973,"[936,851]","[647,960]",2,hSpCas9,negative selection

9942683,9942706,1,-,27869803,HPAFII,viability after 27 days,ACACTCGGAACGTCAAGAACTGG,LZIC,ENSG00000162441,0.696254908269248,[296],"[288,222,NaN]",5,hSpCas9,negative selection
99686715,99686738,1,+,27869803,HPAFII,viability after 27 days,GCAAATCTCAACGAAGGAAGAGG,PALMD,ENSG00000099260,0.9173296293756412,[320],"[165,445,NaN]",7,hSpCas9,negative selection

50844073,50844096,10,+,28162770,P31FUJ,viability,GCAGCATCCCAACCAGGTGGAGG,A1CF,ENSG00000148584,0.2920101529202178,[350],[504],3,hSpCas9,negative selection
50836095,50836118,10,-,28162770,P31FUJ,viability,GAGTCATCGAGCAGCTGCCATGG,A1CF,ENSG00000148584,0.3146855908881146,[142],[208],3,hSpCas9,negative selection
